zip_code,name_id,id,taxArea,city,estate_name,delivered,deliveryQuarter,developer_name,longitude,latitude,availablePropertiesMinPrice,availablePropertiesMaxPrice,availablePropertiesCount,residenceType,address,typologies,image
38000,MAISON GAVIN#bf2e4e48852d,bf2e4e48852d,B1,Grenoble,MAISON GAVIN,False,2026T4,Histoire & Patrimoine,5.7275854,45.1924908,456370,677930,10,,3 PASSAGE DU PALAIS DE JUSTICE,T1|T1 Bis|T3|T3 Duplex|T4|T5 Duplex,https://dj32ymiemc11o.cloudfront.net/eyJidWNrZXQiOiJvdGFyZWUtcHJvZHVjdGlvbi1maWxlcyIsImtleSI6Ijg3YmVkZWQxNzQxMTRhZjJkNmM5MWZkN2UzMTc0ZTdkZTY1ZGI3YmUiLCJlZGl0cyI6eyJyZXNpemUiOnsid2lkdGgiOjM4MCwiaGVpZ2h0IjozMDAsImZpdCI6ImNvdmVyIn19fQ==?signature=56511883263eadbedda472d4b921ce83ae23f5466094c4500ae5cdcbd246c963
38640,Maison Feredie#f3560984a11d,f3560984a11d,A,Claix,Maison Férédie,False,2026T4,Edifim,5.6696628,45.123211,48597,721836,8,,1 rue de Furonnières,T1|T2|T3|T4,https://dj32ymiemc11o.cloudfront.net/eyJidWNrZXQiOiJvdGFyZWUtcHJvZHVjdGlvbi1maWxlcyIsImtleSI6ImQ2N2Q0MGZkMThkNjY0MjEzOGMwZGQ2ZGJjNzc1NjJlY2RjNGRmMTkiLCJlZGl0cyI6eyJyZXNpemUiOnsid2lkdGgiOjM4MCwiaGVpZ2h0IjozMDAsImZpdCI6ImNvdmVyIn19fQ==?signature=b2191f2d0b5f31251e03f50b7c07de83782314ea662925f83ba54f45130f76fa
38090,LES LOGES D'AMBROISE#04b95f0c51b4,04b95f0c51b4,B1,Villefontaine,LES LOGES D'AMBROISE,False,2025T4,Valority Partners,5.1600522,45.6103397,209500,253000,8,,"11, impasse Ambroise Croizat",T1|T2|T3,
38000,APPARTEMENT - 66m2 - GRENOBLE#80bae0486570,80bae0486570,B1,Grenoble,APPARTEMENT - 66m² - GRENOBLE,False,,Smart Investissement,5.7214012,45.1854073,246076.9,246076.9,1,,5 rue Condorcet,T3 Chambre,https://dj32ymiemc11o.cloudfront.net/eyJidWNrZXQiOiJvdGFyZWUtcHJvZHVjdGlvbi1maWxlcyIsImtleSI6IjlkOTJmMTY1Mzg2NGZlNjMxOTM5YzQyNTQ3NjE4MzQ1ZDc0MmY5MjciLCJlZGl0cyI6eyJyZXNpemUiOnsid2lkdGgiOjM4MCwiaGVpZ2h0IjozMDAsImZpdCI6ImNvdmVyIn19fQ==?signature=b149df3cc88ae15d9f95cd7d9a1f2e3ddbbe010b1999cae1298e4c594cb822b1
38200,Appartement Studio - 47 m2 - Vienne#03f88a7c58c8,03f88a7c58c8,B1,Vienne,Appartement Studio - 47 m2 - Vienne,True,2024T2,Masteos,4.874363,45.526455,163500,163500,1,,Rue des Clercs,Studio,https://dj32ymiemc11o.cloudfront.net/eyJidWNrZXQiOiJvdGFyZWUtcHJvZHVjdGlvbi1maWxlcyIsImtleSI6Ijk3ODI2YWM2M2NhMGMwNjJjNzJjNDM4M2NkZWY3ZGFhNjk4NjJjNTMiLCJlZGl0cyI6eyJyZXNpemUiOnsid2lkdGgiOjM4MCwiaGVpZ2h0IjozMDAsImZpdCI6ImNvdmVyIn19fQ==?signature=b6462d0020958ca8170590aa84761cec347e14429a4db0f6e46a6e59d5ec5e1e
38320,Octave#c3e5fa013be0,c3e5fa013be0,B1,Eybens,Octave,False,2025T4,Gilles Trignat Résidences,5.7466064,45.1573568,175000,541000,20,,Avenue Jean Jaures,T1|T2|T3|T4,
38200,JARDINS DES SENS#d1a39ad83542,d1a39ad83542,C,Serpaize,JARDINS DES SENS,False,2026T2,Urbat,4.9168491,45.5588394,166500,297500,19,,5 route du cimetière 38200 Serpaize,T2|T3|T4,https://dj32ymiemc11o.cloudfront.net/eyJidWNrZXQiOiJvdGFyZWUtcHJvZHVjdGlvbi1maWxlcyIsImtleSI6ImFkYWMzZGU1ZjNhZmFmOTRlMTU2MTQ4N2IwZjU4ZDExNTAyYTcyOGYiLCJlZGl0cyI6eyJyZXNpemUiOnsid2lkdGgiOjM4MCwiaGVpZ2h0IjozMDAsImZpdCI6ImNvdmVyIn19fQ==?signature=05deeda17c015cad953790b1ba663ab5c48d3ab7eec5ad28f147692d74f5dc1a
38410,La Berangere#58bbb8a81c42,58bbb8a81c42,C,Chamrousse,La Bérangère,True,1986T1,CELAVi pierre,5.8784841,45.1133872,102138.88,102138.88,1,Tourism,733 Rte de la Croisette,T2,https://dj32ymiemc11o.cloudfront.net/eyJidWNrZXQiOiJvdGFyZWUtcHJvZHVjdGlvbi1maWxlcyIsImtleSI6IjNkMTZhODZjMTJjNDY5NTcxNzlhZDJmNzBmZTA0NTllMzZlMjgyZjkiLCJlZGl0cyI6eyJyZXNpemUiOnsid2lkdGgiOjM4MCwiaGVpZ2h0IjozMDAsImZpdCI6ImNvdmVyIn19fQ==?signature=715581841fe39252222a76a91b5532149740db7058e8de58c9ba8cd4aeb2278e
38150,Le Domaine des Merisiers#e6691d18343c,e6691d18343c,B2,Roussillon,Le Domaine des Merisiers,False,2026T4,Cogedim,4.8089723,45.3794122,220000,257000,9,,CHEMIN DES RÉTISSES,Maison T4|Maison T5|T1|T2|T3|T4,https://dj32ymiemc11o.cloudfront.net/eyJidWNrZXQiOiJvdGFyZWUtcHJvZHVjdGlvbi1maWxlcyIsImtleSI6IjRmOTFhNzAxZTc0ZDMzNDBjOTEyYjI0OGZiYzcyYTcwMjlkOWNkZjUiLCJlZGl0cyI6eyJyZXNpemUiOnsid2lkdGgiOjM4MCwiaGVpZ2h0IjozMDAsImZpdCI6ImNvdmVyIn19fQ==?signature=64691fdad37dd7790b4e3021acf609247be31ebe1453e6fce7c332fbf3af8971
38100,LE GAIA#1c651e5562d6,1c651e5562d6,B1,Grenoble,LE GAIA,True,2023T3,Groupe Confiance,5.739894,45.1748752,273386,325000,1,,17 chemin du Chapitre,T1|T2|T3|T4,https://dj32ymiemc11o.cloudfront.net/eyJidWNrZXQiOiJvdGFyZWUtcHJvZHVjdGlvbi1maWxlcyIsImtleSI6IjQ5NGU4ZmI0NDE4MmQ1NWM2OTNjNzU5OTk2OTI3ZjViMWI4MDZiMWMiLCJlZGl0cyI6eyJyZXNpemUiOnsid2lkdGgiOjM4MCwiaGVpZ2h0IjozMDAsImZpdCI6ImNvdmVyIn19fQ==?signature=8dc6d7330c2f13f2fbda171416dfb15851c0ce58259e5c6168d92ce5d7c42d4d
38100,Appartement T2 - 32 m2 - Grenoble#948961763e1b,948961763e1b,B1,Grenoble,Appartement T2 - 32 m2 - Grenoble,True,2024T2,Masteos,5.7410353,45.1805613,91001,91001,1,,Impasse Auguste Davin,T2,https://dj32ymiemc11o.cloudfront.net/eyJidWNrZXQiOiJvdGFyZWUtcHJvZHVjdGlvbi1maWxlcyIsImtleSI6IjZkYjFiYjZhNzI4MTM4NTc3YjVmNDhhY2UzMjEwNzE5YWMyNjA1NDciLCJlZGl0cyI6eyJyZXNpemUiOnsid2lkdGgiOjM4MCwiaGVpZ2h0IjozMDAsImZpdCI6ImNvdmVyIn19fQ==?signature=04fcf089c072458ea283563ed0d92b7e0e19a7c5b6ef4a4ddbf7e44fb7a3604a
38300,"Majestel ""L'Ilet""#04851ba9caf6",04851ba9caf6,B1,Bourgoin-Jallieu,"Majestel ""L'Ilet""",False,2026T3,Crédit Agricole Immobilier,5.2727913,45.5943643,139500,645000,32,,17 à 21 rue de l’Etissey,T1|T2|T3|T4|T5,https://dj32ymiemc11o.cloudfront.net/eyJidWNrZXQiOiJvdGFyZWUtcHJvZHVjdGlvbi1maWxlcyIsImtleSI6ImJhNDJhNDI0NzgxNDM1NzAyM2Q0Yjc5NWI2MTQ5OTFiMjM1Mjk2ZjciLCJlZGl0cyI6eyJyZXNpemUiOnsid2lkdGgiOjM4MCwiaGVpZ2h0IjozMDAsImZpdCI6ImNvdmVyIn19fQ==?signature=426c560e8daa25c9b8699664bdac4cb139e94e6c3c464e1999dce7287e2d231c
38330,Bellicime#7f68016f833c,7f68016f833c,B1,Saint-Nazaire-les-Eymes,Bellicime,False,2025T2,Cogedim,5.850118,45.2559401,680000,680000,1,,CHEMIN DU RETOUR,T2|T3|T4|T5,
38610,GIERES STUDENT FACTORY#a743d3c610b6,a743d3c610b6,A,Gières,GIÈRES STUDENT FACTORY,False,2026T2,Vinci Immobilier,5.7777943,45.1871907,96072,280773,15,Student,6-8 Rue de la Condamine,T1|T3,
38100,Terre d'Emma#a8b98a15e0ac,a8b98a15e0ac,B1,Grenoble,Terre d’Emma,False,2026T3,Groupe Gambetta,5.7287249,45.1720657,197000,458649,13,,Rue Gustave Flaubert (angle rue Georges Sand),Local commercial|T1|T2|T3|T4|T5,https://dj32ymiemc11o.cloudfront.net/eyJidWNrZXQiOiJvdGFyZWUtcHJvZHVjdGlvbi1maWxlcyIsImtleSI6IjNmMjlhNmRmOTU5ZWExYzE2Y2I3YTczNmRlYjYyMDJlNWEzMGYxYzQiLCJlZGl0cyI6eyJyZXNpemUiOnsid2lkdGgiOjM4MCwiaGVpZ2h0IjozMDAsImZpdCI6ImNvdmVyIn19fQ==?signature=b33d0b715b61d911fa9862819e104e0f58e5761b795a5a6bd0ef7dc84e07d6f3
38090,Scenario#f587ae0a8c8b,f587ae0a8c8b,B1,Villefontaine,Scénario,False,2026T4,Kaufman & Broad,5.1547501,45.6131988,145941,320000,38,,37 Rue Serge Mauroit,T2|T3|T4,https://dj32ymiemc11o.cloudfront.net/eyJidWNrZXQiOiJvdGFyZWUtcHJvZHVjdGlvbi1maWxlcyIsImtleSI6ImQ3NzcyNzM1NDEyYzE1ZDg5ZjQ4MmRmMzQ5M2I3ZmE4ZGI1ODI3M2IiLCJlZGl0cyI6eyJyZXNpemUiOnsid2lkdGgiOjM4MCwiaGVpZ2h0IjozMDAsImZpdCI6ImNvdmVyIn19fQ==?signature=fe840ab1ac6e6f7af46c057a711352be5aa50391668a40d31160123d129b4d00
38640,Vercoeur#cf1c160e77b5,cf1c160e77b5,A,Claix,Vercoeur,False,2024T4,Cogedim,5.6826216,45.1278895,478000,478000,1,,RUE DE LA BALME,T1|T2|T3|T4,
38230,CARRE LIBERTE#4e750f40066d,4e750f40066d,B1,Pont-de-Chéruy,CARRE LIBERTE,True,2024T2,Réalités Immobilier,5.1684149,45.7492536,144999,306999,7,,Rue Marguerite Rozand,T1|T2|T3|T4,
38090,"LES LOGES D'AMBROISE (TVA 5,5%)#2fb56b44b674",2fb56b44b674,B1,Villefontaine,"LES LOGES D'AMBROISE (TVA 5,5%)",False,2025T4,Valority Partners,5.1600522,45.6103397,174562,222429,5,,"11, impasse Ambroise Croizat",T1|T2|T3,
38000,Appartement Studio - 24 m2 - Grenoble#c16d7882c9ea,c16d7882c9ea,B1,Grenoble,Appartement Studio - 24 m2 - Grenoble,True,2024T2,Masteos,5.7216179,45.1934839,99201,99201,1,,Quai de France,Studio,https://dj32ymiemc11o.cloudfront.net/eyJidWNrZXQiOiJvdGFyZWUtcHJvZHVjdGlvbi1maWxlcyIsImtleSI6ImY2NmY3YmNkODY5ZTUxYzJmNWI3ZjRkYmIwYWY1YTcwNmUxM2IyOWIiLCJlZGl0cyI6eyJyZXNpemUiOnsid2lkdGgiOjM4MCwiaGVpZ2h0IjozMDAsImZpdCI6ImNvdmVyIn19fQ==?signature=6e7a1844ece6e0abcb25677269f80633a0ee2a73153e219acb6d8fe7e73b8552
38000,Studea Louis Weil#81387da1e5b0,81387da1e5b0,B1,Grenoble,Studéa Louis Weil,True,2007T3,Consultim,5.7126971,45.1925511,89510.56,89510.56,1,Student,12 avenue Doyen Louis Weil,Studio,https://dj32ymiemc11o.cloudfront.net/eyJidWNrZXQiOiJvdGFyZWUtcHJvZHVjdGlvbi1maWxlcyIsImtleSI6ImE4NTI2MGQ0ZmRjZGZkNTU3ZjI4MGY4ZTY1YzIyZTcyZjkwNDMxNjkiLCJlZGl0cyI6eyJyZXNpemUiOnsid2lkdGgiOjM4MCwiaGVpZ2h0IjozMDAsImZpdCI6ImNvdmVyIn19fQ==?signature=06cf863a8cdd65c5d578dcf708b26507c17eebc4f586652e4f2bde399ee47cf3
38530,Gaia 1#363eedb1a5a9,363eedb1a5a9,C,Chapareillan,Gaïa 1,False,2026T2,Edouard Denis,5.989866,45.4623842,229000,410000,14,,RUE DU CERNON,T2|T3|T4|T5,
38200,EMINENCE#9244af031599,9244af031599,B1,Vienne,EMINENCE,False,2025T1,Groupe Gambetta,4.866637,45.542153,299899.74,341118.19,1,,22/26 Montée de Bon Accueil,T1|T2|T3|T4,
38480,Le Riva#879da3e5f098,879da3e5f098,C,Le Pont-de-Beauvoisin,Le Riva,False,2026T4,Urban Home,5.6755861,45.5306537,168400,300900,30,,CHEMIN DU CHAMP DE TIR,T2|T3|T4,
38670,Les Terrasses du Pilat Tranche 2 - RC#ca8b5ee07e7a,ca8b5ee07e7a,B1,Chasse-sur-Rhône,Les Terrasses du Pilat Tranche 2 - RC,False,,iSelection,4.8123629,45.5856828,260000,260000,1,,870 chemin du lot,T3,
38000,IKONE#91ddaf914de6,91ddaf914de6,B1,Grenoble,IKONE,False,2026T4,Ogic,5.7122754,45.1986563,189000,534000,14,,Rue Henry Duffourd - ZAC Presqu'Ile,T2|T3|T4|T5,https://dj32ymiemc11o.cloudfront.net/eyJidWNrZXQiOiJvdGFyZWUtcHJvZHVjdGlvbi1maWxlcyIsImtleSI6IjBkY2NjZDg3MjdmODExNzI3YWRlODc3NjI4ZDY2NmQxYzViYWVhMDAiLCJlZGl0cyI6eyJyZXNpemUiOnsid2lkdGgiOjM4MCwiaGVpZ2h0IjozMDAsImZpdCI6ImNvdmVyIn19fQ==?signature=2a997529f8c469733dfdd7c91b84492c323a71642cc017285e3f58b253daee84
38100,LES ALLEES HIKARI#7e1de0a1b9d2,7e1de0a1b9d2,B1,Grenoble,LES ALLEES HIKARI,False,2025T1,Cogedim,5.748764,45.1740963,173196,197000.19,1,,CHEMIN DE LA POTERNE,T1|T2|T3|T4,https://dj32ymiemc11o.cloudfront.net/eyJidWNrZXQiOiJvdGFyZWUtcHJvZHVjdGlvbi1maWxlcyIsImtleSI6IjZjNmMzYzdkNTE4YzgxYTdiNzZhMGQwNDg5ZTVmZDQxYmY0OTM4ZWQiLCJlZGl0cyI6eyJyZXNpemUiOnsid2lkdGgiOjM4MCwiaGVpZ2h0IjozMDAsImZpdCI6ImNvdmVyIn19fQ==?signature=389c6146fe7b349974928d32c33d1c2042cc8c69b80d0560d4c4598d9b10c7ff
38750,Inspiration#4609eddeca1a,4609eddeca1a,B1,Huez,Inspiration,False,2024T4,Sogeprom,6.0655406,45.0904157,523000,1467000,8,,329 Av. de l'Eclose,T2|T3|T4|T5,https://dj32ymiemc11o.cloudfront.net/eyJidWNrZXQiOiJvdGFyZWUtcHJvZHVjdGlvbi1maWxlcyIsImtleSI6IjkyZGUyNzQ5NTFkZTE3OGRkMDY0MTlmNmZhNzU4MjI2YjdhMWQ2ZjciLCJlZGl0cyI6eyJyZXNpemUiOnsid2lkdGgiOjM4MCwiaGVpZ2h0IjozMDAsImZpdCI6ImNvdmVyIn19fQ==?signature=25596ee0134760505624226cd3a84895623776ff9c9a792f20a7d66d954b1b88
38180,Panoramik#44a9fdb86daf,44a9fdb86daf,A,Seyssins,Panoramik,False,2025T2,Edifim,5.6742398,45.1586564,307000,624000,9,,98 route de Saint-Nizier,T3|T4|T5,https://dj32ymiemc11o.cloudfront.net/eyJidWNrZXQiOiJvdGFyZWUtcHJvZHVjdGlvbi1maWxlcyIsImtleSI6IjYyZDU2N2Q1MzkwNDM2YmYxNGY1MTkxOGIzYjk0ZTRkNWM1Nzk2MTMiLCJlZGl0cyI6eyJyZXNpemUiOnsid2lkdGgiOjM4MCwiaGVpZ2h0IjozMDAsImZpdCI6ImNvdmVyIn19fQ==?signature=ca8e0db5de423db39ab9b3b8c38aff9852121edcf7bcd029f8fa880e0bc85496
38700,Le Clos Roman#e653d142b892,e653d142b892,A,La Tronche,Le Clos Roman,False,2025T4,Gilles Trignat Résidences,5.7429703,45.2048621,259000,415000,8,,5 chemin de la pallud,T2|T3|T4|T5,
38100,Appartement T1 - 41 m2 - Grenoble#ccbc73dcd170,ccbc73dcd170,B1,Grenoble,Appartement T1 - 41 m2 - Grenoble,True,2024T2,Masteos,5.732243,45.1673926,88501,88501,1,,Avenue la Bruyère,T1,https://dj32ymiemc11o.cloudfront.net/eyJidWNrZXQiOiJvdGFyZWUtcHJvZHVjdGlvbi1maWxlcyIsImtleSI6IjAwNjg0MzM3YTIzNmQ3ZmQ4ZmE5NzViMDg1ZGRmMzVkODYxMDAzNDUiLCJlZGl0cyI6eyJyZXNpemUiOnsid2lkdGgiOjM4MCwiaGVpZ2h0IjozMDAsImZpdCI6ImNvdmVyIn19fQ==?signature=bbb4fa935875267ea46ae76db7292110e27728c5c849e89f4ac053375c5c9ffb
38800,Residence Tekio - RC#efb628d50b1b,efb628d50b1b,B1,Le Pont-de-Claix,Résidence Tekio - RC,False,,iSelection,5.7118578,45.1360558,253160,257580,2,,Avenue de l'industrie et avenue de Charles de Gaulle,T3,
38290,L'Archipel#3c3efbace3ec,3c3efbace3ec,B1,La Verpillière,L'Archipel,False,2025T4,European Homes,5.1365597,45.6416256,206000,305000,19,, Avenue de la libération,T2|T3|T4|T5,https://dj32ymiemc11o.cloudfront.net/eyJidWNrZXQiOiJvdGFyZWUtcHJvZHVjdGlvbi1maWxlcyIsImtleSI6IjE2YjMzY2M3MjU2ZmU3OGI4ZGU1ZDc2ZTUxYzA5MzQxYjNmZGI4OGIiLCJlZGl0cyI6eyJyZXNpemUiOnsid2lkdGgiOjM4MCwiaGVpZ2h0IjozMDAsImZpdCI6ImNvdmVyIn19fQ==?signature=83bf76ef290c8504a8c36fe083ed7d6c61da847a63d10f1275879441bad7d629
38420,Les Villas Celestes#5558bd41a6ef,5558bd41a6ef,C,Revel,Les Villas Celestes,True,2024T2,Gilles Trignat Résidences,5.8759485,45.1835434,429000,509000,9,,Route des Faures,T5|T6,
38100,Appartement T1 - 40 m2 - Grenoble#100f317ff227,100f317ff227,B1,Grenoble,Appartement T1 - 40 m2 - Grenoble,True,2024T2,Masteos,5.7171974,45.162387,104410,104410,1,,Chemin des Essarts,T1,https://dj32ymiemc11o.cloudfront.net/eyJidWNrZXQiOiJvdGFyZWUtcHJvZHVjdGlvbi1maWxlcyIsImtleSI6ImYxMmVkNWJhMDQxYzQxYTRiODgwNjA2N2M3YjA5NDFhYzQyZWVhZDUiLCJlZGl0cyI6eyJyZXNpemUiOnsid2lkdGgiOjM4MCwiaGVpZ2h0IjozMDAsImZpdCI6ImNvdmVyIn19fQ==?signature=d8fc3a0c89f12fc6c68c5bca34f246ea57d0ee9683017d3324479b6bb13e4e83
38130,ORIZON#8ed5cd158396,8ed5cd158396,B1,Échirolles,ORIZON,True,2024T2,Groupe Confiance,5.708566,45.1553326,239900,239900,1,,15-17 COURS JEAN JAURES,T1|T2|T3|T4,https://dj32ymiemc11o.cloudfront.net/eyJidWNrZXQiOiJvdGFyZWUtcHJvZHVjdGlvbi1maWxlcyIsImtleSI6IjlhYjRlNGZiMmY3NDJiZDI0MDdmNTgyNjg5OTc3MjYxMDkwOTE5MTgiLCJlZGl0cyI6eyJyZXNpemUiOnsid2lkdGgiOjM4MCwiaGVpZ2h0IjozMDAsImZpdCI6ImNvdmVyIn19fQ==?signature=57f7d3dd55e747f15fa87d1859e4a990d64ed535f7b6ad519423b7aeb112c7d8
38640,Le Bocage de Joanny#9fe9d3750435,9fe9d3750435,A,Claix,Le Bocage de Joanny,False,2025T1,Gilles Trignat Résidences,5.6741116,45.1297071,335000,408000,7,,Rue des Martyrs,T2|T3|T4,
38560,Le Hameau de Matthieu#ebd443fb3e64,ebd443fb3e64,B1,Jarrie,Le Hameau de Matthieu,True,2024T3,European Homes,5.747309,45.1051274,430000,430000,1,, 540 chemin de Maupertuis,T2|T3|T5|T6,https://dj32ymiemc11o.cloudfront.net/eyJidWNrZXQiOiJvdGFyZWUtcHJvZHVjdGlvbi1maWxlcyIsImtleSI6ImJlMzZlZTQ2YjgxNjFmOGU2M2QxN2ViNTUxMTIyNmU4ZTc0YTY4ZGMiLCJlZGl0cyI6eyJyZXNpemUiOnsid2lkdGgiOjM4MCwiaGVpZ2h0IjozMDAsImZpdCI6ImNvdmVyIn19fQ==?signature=b411fa3f94f73dbb996ad4375694b684a8178b8792d9a621eb5eecf5b7262754
38670,LE CLOS CHASSEN#6439e73ad911,6439e73ad911,B1,Chasse-sur-Rhône,LE CLOS CHASSEN,False,2025T1,Urbat,4.8008774,45.5792128,197372.92,250000,3,,104-130 rue Claude Priest,T2|T3,https://dj32ymiemc11o.cloudfront.net/eyJidWNrZXQiOiJvdGFyZWUtcHJvZHVjdGlvbi1maWxlcyIsImtleSI6IjM3NWNjOWU3ZDBlYzMwY2Q5NWQyYzlmMWU1YjRiMWJkMDcyNmUyMDQiLCJlZGl0cyI6eyJyZXNpemUiOnsid2lkdGgiOjM4MCwiaGVpZ2h0IjozMDAsImZpdCI6ImNvdmVyIn19fQ==?signature=b3659dbc671a5de9a96c591ce0ce72e2b7f7ef9582e94c1bac6428807c19514b
38950,Time#4a10fa6ae524,4a10fa6ae524,B1,Saint-Martin-le-Vinoux,Time,True,2019T3,Consultim,5.6987083,45.2140301,74251.88,74251.88,1,Student,72 Avenue du Général Leclerc,Studio|T1,https://dj32ymiemc11o.cloudfront.net/eyJidWNrZXQiOiJvdGFyZWUtcHJvZHVjdGlvbi1maWxlcyIsImtleSI6IjU1NmNkZDA2OWNkZGIwNGQ5NDU4MTAwOGZkMzg4MDJmMGRlM2Q3NDkiLCJlZGl0cyI6eyJyZXNpemUiOnsid2lkdGgiOjM4MCwiaGVpZ2h0IjozMDAsImZpdCI6ImNvdmVyIn19fQ==?signature=04804bed2add70a0b23ec46e28214d03b1cc90fe347f46f5bcaff792315abe02
38330,Le Dauphin Blanc#ac855d15f47a,ac855d15f47a,A,Saint-Ismier,Le Dauphin Blanc,False,2024T4,Edifim,5.8291571,45.2445148,268500,462000,3,,1000 Route de Chambery,T2|T3,https://dj32ymiemc11o.cloudfront.net/eyJidWNrZXQiOiJvdGFyZWUtcHJvZHVjdGlvbi1maWxlcyIsImtleSI6Ijc1ZThkODI5ZTMyM2RlYjEzNGIwMzUyNGU0NzViOWVjOWEyOTY2MWEiLCJlZGl0cyI6eyJyZXNpemUiOnsid2lkdGgiOjM4MCwiaGVpZ2h0IjozMDAsImZpdCI6ImNvdmVyIn19fQ==?signature=602f81a03040dc27ba975681e06d199870c66fc850c16d359b6db25ac89a9bba
38750,Expression#fe994866495f,fe994866495f,B1,Huez,Expression,False,2024T4,Groupe Duval,6.0678427,45.0915292,,,0,,RUE DU 93ÈME RÉGIMENT D'ARTILL|QUARTIER L'ECLOSE,T3|T4,https://dj32ymiemc11o.cloudfront.net/eyJidWNrZXQiOiJvdGFyZWUtcHJvZHVjdGlvbi1maWxlcyIsImtleSI6Ijc5M2RlZjE4YTM5NzBiZTc3NzZlYTliMGE4MzM0ZDc2NzVlMGM0OWEiLCJlZGl0cyI6eyJyZXNpemUiOnsid2lkdGgiOjM4MCwiaGVpZ2h0IjozMDAsImZpdCI6ImNvdmVyIn19fQ==?signature=c72b88f225399a1a045e00f5a1bbbd1bd6f173d6d083b1c6305df5c7546a29af
38450,Prairies du Breuil#7e649a4c06dc,7e649a4c06dc,B1,Vif,Prairies du Breuil,False,2025T2,Edifim,5.6669151,45.0565974,290000,547000,10,,1 Boulevard Faidherbe,T3|T4,https://dj32ymiemc11o.cloudfront.net/eyJidWNrZXQiOiJvdGFyZWUtcHJvZHVjdGlvbi1maWxlcyIsImtleSI6IjAxZDdjNGNkYWUwODMyOGUwNTgzZmEyMzAxNjhlNjU1MDM5YzdiNmYiLCJlZGl0cyI6eyJyZXNpemUiOnsid2lkdGgiOjM4MCwiaGVpZ2h0IjozMDAsImZpdCI6ImNvdmVyIn19fQ==?signature=58a1668d2aa81e71d7b50eb3aea9d6a8b3879b29f6c85c243b8bda9a1f76b9ee
38400,Le Quatuor#8deb0a47c3be,8deb0a47c3be,B1,Saint-Martin-d'Hères,Le Quatuor,False,2026T2,Gilles Trignat Résidences,5.7528965,45.1792026,187000,363000,14,,11 Rue Paul Langevin,T2|T3|T4,
38500,Natur'A#b89458c6bd5f,b89458c6bd5f,B1,Coublevie,Natur'A,False,2024T4,European Homes,5.6121571,45.3554466,265000,331000,4,," 562, Route du bourg",Studio|T2|T3|T4,https://dj32ymiemc11o.cloudfront.net/eyJidWNrZXQiOiJvdGFyZWUtcHJvZHVjdGlvbi1maWxlcyIsImtleSI6IjI3NGQ4MGUwN2QyY2NjOWZlYjkyODVmNzM3ZjEyYTdjZDY1OTk0N2QiLCJlZGl0cyI6eyJyZXNpemUiOnsid2lkdGgiOjM4MCwiaGVpZ2h0IjozMDAsImZpdCI6ImNvdmVyIn19fQ==?signature=724cf9f6f788821bcc57f3accdb85dd7add198ad659ac85337c268f9b01849e3
38130,Flore & Sens#192fec633069,192fec633069,B1,Échirolles,Flore & Sens,False,2026T3,Edifim,5.72558,45.142316,140000,372000,22,,42 avenue de la République,T2|T3|T4,https://dj32ymiemc11o.cloudfront.net/eyJidWNrZXQiOiJvdGFyZWUtcHJvZHVjdGlvbi1maWxlcyIsImtleSI6IjNjMGJmYzI3MWI3NzE5ODQzZWY0MThlNDQ1ZmEwZWIxNmNhNDE2MDUiLCJlZGl0cyI6eyJyZXNpemUiOnsid2lkdGgiOjM4MCwiaGVpZ2h0IjozMDAsImZpdCI6ImNvdmVyIn19fQ==?signature=9722c902d72e2a1d9dd33aec83207b1f9d6b86c3dd67cf80117bcf34739ddd4d
38290,LES ALLEES DAUPHINES#5eb1274dd2b1,5eb1274dd2b1,B1,La Verpillière,LES ALLÉES DAUPHINES,False,2025T4,Les Nouveaux Constructeurs,5.1382937,45.640683,212500,358500,41,,196 Avenue de la Libération,T2|T3|T4|T4 Duplex,https://dj32ymiemc11o.cloudfront.net/eyJidWNrZXQiOiJvdGFyZWUtcHJvZHVjdGlvbi1maWxlcyIsImtleSI6IjI2YTAzNDA4YTczY2RhMmVjODI5NjZlYTcwZjQwOTMyMGY1YTg1MjMiLCJlZGl0cyI6eyJyZXNpemUiOnsid2lkdGgiOjM4MCwiaGVpZ2h0IjozMDAsImZpdCI6ImNvdmVyIn19fQ==?signature=f19fec6fe7a6225d24361df9026b1bc0ca50884e9f5b221ba007a1799f0e84a8
38000,MAISON GAVIN#c6edd81adaa9,c6edd81adaa9,B1,Grenoble,MAISON GAVIN,False,,iSelection,5.7275854,45.1924908,456370,677930,10,,3 PASSAGE DU PALAIS DE JUSTICE,T3 pices|T3 pices Duplex|T4 pices|T5 pices Duplex,
38360,Residence Chamarande#bde7cbc18f8e,bde7cbc18f8e,B1,Sassenage,Résidence Chamarande,False,2024T4,Gilles Trignat Résidences,5.6632619,45.2025665,281000,321000,4,,Avenue de la Falaise,T2|T3|T4,
38000,Appartement T3 - 73 m2 - Grenoble#b182ee01cc62,b182ee01cc62,B1,Grenoble,Appartement T3 - 73 m2 - Grenoble,True,2024T2,Masteos,5.723879,45.187314,284580,284580,1,,Boulevard Gambetta,T3,https://dj32ymiemc11o.cloudfront.net/eyJidWNrZXQiOiJvdGFyZWUtcHJvZHVjdGlvbi1maWxlcyIsImtleSI6Ijk1MjRkODZmNjIyZWM3YTc3OGYyMmU3MTk0N2QyOTNiNjk1ZTgyMGMiLCJlZGl0cyI6eyJyZXNpemUiOnsid2lkdGgiOjM4MCwiaGVpZ2h0IjozMDAsImZpdCI6ImNvdmVyIn19fQ==?signature=cb3f9e05ede9e7091a6a2770a0079a2e4ccfb47831d4b1118ed3d4c779505604
38420,L'Envol#dcb4d977bbe0,dcb4d977bbe0,B1,Le Versoud,L'Envol,False,2025T2,Edifim,5.852252,45.2113264,267500,547500,12,,rue Henri Giraud,T3|T4|T5,https://dj32ymiemc11o.cloudfront.net/eyJidWNrZXQiOiJvdGFyZWUtcHJvZHVjdGlvbi1maWxlcyIsImtleSI6ImQ2ODhkYWIzMzBkZDgyYTVlNjAyZTYwOWQ2NWRlOGFhMjY2ZjU4YjIiLCJlZGl0cyI6eyJyZXNpemUiOnsid2lkdGgiOjM4MCwiaGVpZ2h0IjozMDAsImZpdCI6ImNvdmVyIn19fQ==?signature=f3ba09729dac9fd4f198262d103d14855bff13c5fc9bf13e7e4cd32c49f62f77
38750,LA PERLE D'ALBA#4bc7b15a0f51,4bc7b15a0f51,B1,Huez,LA PERLE D'ALBA,False,2026T4,Terrésens,6.0812272,45.0897787,280400,413600,3,Tourism,Route de l'Altiport,Studio|T2|T2 + cabine|T3,https://dj32ymiemc11o.cloudfront.net/eyJidWNrZXQiOiJvdGFyZWUtcHJvZHVjdGlvbi1maWxlcyIsImtleSI6InVwbG9hZGluZ182NWI5MTQ1NDZmMzVlIiwiZWRpdHMiOnsicmVzaXplIjp7IndpZHRoIjozODAsImhlaWdodCI6MzAwLCJmaXQiOiJjb3ZlciJ9fX0=?signature=16b47b7a67510899367811b71f9c33225e1a5bca7af8cb07794d2ba0f559449a
38760,Les Jardins d'Hestia#145dcbb8ef1b,145dcbb8ef1b,C,Saint-Paul-de-Varces,Les Jardins d'Hestia,False,2025T4,Gilles Trignat Résidences,5.646395,45.0732371,190000,475000,18,,Chemin Saint-Ange,T2|T3|T4|T5,
38410,Le Nouveau Chamrousse#da8438a234c8,da8438a234c8,C,Chamrousse,Le Nouveau Chamrousse,False,2026T3,Inovefa,5.87351,45.1245387,95000,665000,20,,Route de Biolles,T1|T2|T3|T4,https://dj32ymiemc11o.cloudfront.net/eyJidWNrZXQiOiJvdGFyZWUtcHJvZHVjdGlvbi1maWxlcyIsImtleSI6ImM5ZTJmNThlZTM1OTc0MTAxMzVjMzFmNzE3YzNiZTlmNGZiOGE4NDUiLCJlZGl0cyI6eyJyZXNpemUiOnsid2lkdGgiOjM4MCwiaGVpZ2h0IjozMDAsImZpdCI6ImNvdmVyIn19fQ==?signature=e50cb08f1b3be31ffb9ef1115001ddc9ca5c431ecc3a26ded70bce6f9aac6fed
38550,Le Clos du Pin#c618219f8617,c618219f8617,B2,Saint-Maurice-l'Exil,Le Clos du Pin,False,2026T4,Cogedim,4.7792962,45.3835075,135000,223000,19,,3B RUE ANNE FRANCK,Studio|T2|T3|T4,https://dj32ymiemc11o.cloudfront.net/eyJidWNrZXQiOiJvdGFyZWUtcHJvZHVjdGlvbi1maWxlcyIsImtleSI6Ijg1NDZiOTFhZDYxZDFiOWIxY2I0MTU5ZTgyMzVhZTIwOTQzNjViMmQiLCJlZGl0cyI6eyJyZXNpemUiOnsid2lkdGgiOjM4MCwiaGVpZ2h0IjozMDAsImZpdCI6ImNvdmVyIn19fQ==?signature=8a93e6d80548911b8c7a6ed4a0d51a4156efde960aa766e8174f9b57fe4919dd
38700,Appartement T2 - 28 m2 - La Tronche#ce83284a01cf,ce83284a01cf,A,La Tronche,Appartement T2 - 28 m2 - La Tronche,True,2024T2,Masteos,5.7402699,45.2058469,142001,142001,1,,Grande Rue,T2,https://dj32ymiemc11o.cloudfront.net/eyJidWNrZXQiOiJvdGFyZWUtcHJvZHVjdGlvbi1maWxlcyIsImtleSI6IjI4NjEyNjUyYTk3MjM1NzU5YjE1YWVjNTM1YWE4NzE1ZmQzMDlhODMiLCJlZGl0cyI6eyJyZXNpemUiOnsid2lkdGgiOjM4MCwiaGVpZ2h0IjozMDAsImZpdCI6ImNvdmVyIn19fQ==?signature=6572616cb75de2aeeb68ba0e1b3be5c16fcee11edbc47081e6f647c876c7e372
38000,Appartement T1 - 16 m2 - Grenoble#4f3a08da397b,4f3a08da397b,B1,Grenoble,Appartement T1 - 16 m2 - Grenoble,True,2024T2,Masteos,5.728268,45.1894621,92002,92002,1,,Rue Saint-Jacques,T1,https://dj32ymiemc11o.cloudfront.net/eyJidWNrZXQiOiJvdGFyZWUtcHJvZHVjdGlvbi1maWxlcyIsImtleSI6ImIxNWQwNjlmYjFjNDE1ZmFjM2QyNTljYjJmOTE3NTc1ZGJiZTQ5MWUiLCJlZGl0cyI6eyJyZXNpemUiOnsid2lkdGgiOjM4MCwiaGVpZ2h0IjozMDAsImZpdCI6ImNvdmVyIn19fQ==?signature=b628bc45e12df7cd2831f2743d3609b0e32984c3b89c88fcb620073619d6b968
38430,Le Licio#1c86fc321a93,1c86fc321a93,B1,Moirans,Le Licio,False,2026T2,Gilles Trignat Résidences,5.56721,45.326437,191000,348000,20,,Rue de Stalingrad,T2|T3|T4,
38200,Appartement T1 - 74 m2 - Vienne#dc6052b6f1f7,dc6052b6f1f7,B1,Vienne,Appartement T1 - 74 m2 - Vienne,True,2024T2,Masteos,4.874363,45.526455,76400,76400,1,,Rue des Clercs,T1,https://dj32ymiemc11o.cloudfront.net/eyJidWNrZXQiOiJvdGFyZWUtcHJvZHVjdGlvbi1maWxlcyIsImtleSI6ImQ3M2FhZGNlNzYwZmE3N2U1OTQ3YTNlOTkyNDdiM2FlNzNkMzM4YzAiLCJlZGl0cyI6eyJyZXNpemUiOnsid2lkdGgiOjM4MCwiaGVpZ2h0IjozMDAsImZpdCI6ImNvdmVyIn19fQ==?signature=c7983894532cb34e2458b15461df35fb0db46a5c701760d9c8dea3caa765018b
38000,Les Bains GRENOBLE - 38#cfcb235b5d5d,cfcb235b5d5d,B1,Grenoble,Les Bains GRENOBLE - 38,True,,Pierre Loyers Conseil,5.7195966,45.1863038,153115.56,173611.34,3,EHPAD,3 rue des Bains,T1,https://dj32ymiemc11o.cloudfront.net/eyJidWNrZXQiOiJvdGFyZWUtcHJvZHVjdGlvbi1maWxlcyIsImtleSI6ImNhNmY1ODUwOTUwZDJiYmM4YTgyYmVkYTg0N2Q1N2E1OWFmN2NkMDQiLCJlZGl0cyI6eyJyZXNpemUiOnsid2lkdGgiOjM4MCwiaGVpZ2h0IjozMDAsImZpdCI6ImNvdmVyIn19fQ==?signature=9c7f8e969fe0ec4fb02e274cf2934d9990fffae288d42094ae05f8c03489591e
38300,"Majestel ""L'Etang""#b0fad7278055",b0fad7278055,B1,Bourgoin-Jallieu,"Majestel ""L'Etang""",False,2026T3,Crédit Agricole Immobilier,5.2727913,45.5943643,220500,308700,40,,17 à 21 rue de l’Etissey,T1|T2|T3|T4,https://dj32ymiemc11o.cloudfront.net/eyJidWNrZXQiOiJvdGFyZWUtcHJvZHVjdGlvbi1maWxlcyIsImtleSI6ImY3ZTllYTYwOWFhNjBmMGJlYTgzZTJiZGRmNDY3NWIxMjlmYTBhNTUiLCJlZGl0cyI6eyJyZXNpemUiOnsid2lkdGgiOjM4MCwiaGVpZ2h0IjozMDAsImZpdCI6ImNvdmVyIn19fQ==?signature=bd3899708fd17626e53f4e883884809ebba8ce3589163a11fe5d5083df43487a
38460,Les Coralies#4e2a34f0b548,4e2a34f0b548,B1,Chozeau,Les Coralies,True,1997T1,CELAVi pierre,5.2197594,45.6976603,76229.63,76229.63,1,EHPAD,420 Chemin du Michalet,Chambre,https://dj32ymiemc11o.cloudfront.net/eyJidWNrZXQiOiJvdGFyZWUtcHJvZHVjdGlvbi1maWxlcyIsImtleSI6ImYyYTk2ZDdjNDg4N2I0OGI2MDdhOWNmYWM5NjZjYzNiMjgyMzQ4YzUiLCJlZGl0cyI6eyJyZXNpemUiOnsid2lkdGgiOjM4MCwiaGVpZ2h0IjozMDAsImZpdCI6ImNvdmVyIn19fQ==?signature=b6da6114ba705858c83b403a41b53188293f48cb125e06fd9c4a2024f0ecf32a
38300,Trimanti#a86ead98536c,a86ead98536c,B1,Bourgoin-Jallieu,Trimanti,False,2024T4,Crédit Agricole Immobilier,5.2749559,45.5879414,237500,469000,7,,RUES PAUL BERT / CLEMENCEAU / BOVIER LAPIERRE,T2|T3|T4|T5,https://dj32ymiemc11o.cloudfront.net/eyJidWNrZXQiOiJvdGFyZWUtcHJvZHVjdGlvbi1maWxlcyIsImtleSI6IjYyZTNiYWJlMjliYzgwYTkwMWY0NjA5YTFhYzkxMDE5N2QzZTI3NTMiLCJlZGl0cyI6eyJyZXNpemUiOnsid2lkdGgiOjM4MCwiaGVpZ2h0IjozMDAsImZpdCI6ImNvdmVyIn19fQ==?signature=18c2409767caef989de5cd60cff72d77e30c41826582f8a7f2a64d579686adeb
38000,Residhotel - Grenoble - Le Central Gare#38d5646ecc13,38d5646ecc13,B1,Grenoble,Residhotel - Grenoble - Le Central Gare,False,,Attentif LMNP,5.7157941,45.1909011,86224,86224,1,Business,8 place de la Gare,T1,
38290,AZERIA 1#55e2446bd346,55e2446bd346,B1,La Verpillière,AZERIA 1,False,2025T2,Nexity,5.144287,45.636252,214000,299000,10,,97 RUE DU REPOS,T2|T3|T4,
38240,Domaine des Setiers#7d96c8ed66f3,7d96c8ed66f3,A,Meylan,Domaine des Setiers,False,2026T3,Gilles Trignat Résidences,5.7820706,45.2092162,274000,586300,17,,13 avenue du Granier,T2|T3|T4,
38400,Cote Poesie#375ad2df49ac,375ad2df49ac,B1,Saint-Martin-d'Hères,Coté Poesie,False,2025T2,Gilles Trignat Résidences,5.765114,45.1647561,235000,497000,12,,Avenue Jacques Prévert,T2|T3|T4|T5,
38100,Appartement T1 - 31 m2 - Grenoble#18f3af106590,18f3af106590,B1,Grenoble,Appartement T1 - 31 m2 - Grenoble,True,2024T2,Masteos,5.7216893,45.1739109,131500,131500,1,,Rue Honoré de Balzac,T1,https://dj32ymiemc11o.cloudfront.net/eyJidWNrZXQiOiJvdGFyZWUtcHJvZHVjdGlvbi1maWxlcyIsImtleSI6IjllNjkzYTkwNjNkNmFjNTEyY2UyNjY1ZTg0NDVjMGRjNjBkMGE3NjIiLCJlZGl0cyI6eyJyZXNpemUiOnsid2lkdGgiOjM4MCwiaGVpZ2h0IjozMDAsImZpdCI6ImNvdmVyIn19fQ==?signature=f9e2c10d6c87f97fd6230c4e0c30831c921871ad648a61e17515536ae6134b33
38000,(STUDEA) Louis Weil#fc91ee3bf406,fc91ee3bf406,B1,Grenoble,(STUDEA) Louis Weil,False,2025T1,iSelection,5.7119908,45.1931009,89300,89300,4,,Avenue du Doyen Louis Weil,Studio,
38100,Appartement T2 - 38 m2 - Grenoble#1a1d7b648118,1a1d7b648118,B1,Grenoble,Appartement T2 - 38 m2 - Grenoble,True,2024T2,Masteos,5.7094185,45.176582,116000,116000,1,,Rue Guynemer,T2,https://dj32ymiemc11o.cloudfront.net/eyJidWNrZXQiOiJvdGFyZWUtcHJvZHVjdGlvbi1maWxlcyIsImtleSI6IjUzZmJiMTE2YzgxMzhmNGJjNzc2ZTVkYTU2MTExMDNhZmUyZjIxZmYiLCJlZGl0cyI6eyJyZXNpemUiOnsid2lkdGgiOjM4MCwiaGVpZ2h0IjozMDAsImZpdCI6ImNvdmVyIn19fQ==?signature=1c10dbea39b33ee5eff6df24d87ea6b0b0d185a3743d22461c5e3fabe786c56b
38000,Appartement Studio - 17 m2 - Grenoble#baf0e8f6afb3,baf0e8f6afb3,B1,Grenoble,Appartement Studio - 17 m2 - Grenoble,True,2024T2,Masteos,5.717795,45.1880196,89501,89501,1,,Rue Gabriel Péri,Studio,https://dj32ymiemc11o.cloudfront.net/eyJidWNrZXQiOiJvdGFyZWUtcHJvZHVjdGlvbi1maWxlcyIsImtleSI6ImQ0OTI5ZDg1YmMwMWUxNjYxM2Y2NTZjYmVkYzEwY2M5NDI1MDQ2NTIiLCJlZGl0cyI6eyJyZXNpemUiOnsid2lkdGgiOjM4MCwiaGVpZ2h0IjozMDAsImZpdCI6ImNvdmVyIn19fQ==?signature=4562771a099af52ca780b00618fe35cbc76b982c8c78e8f86f33be928f1644aa
38800,COURS D'O#c7f7dea103b5,c7f7dea103b5,B1,Le Pont-de-Claix,COURS D'O,False,2025T3,Groupe Confiance,5.695043,45.123919,239900,239900,1,,1 RUE DU VERCORS,T2|T3|T4|T5,https://dj32ymiemc11o.cloudfront.net/eyJidWNrZXQiOiJvdGFyZWUtcHJvZHVjdGlvbi1maWxlcyIsImtleSI6IjliZjNmMjEzYjBjNmMwMDcyMzdkN2M5OGMzNThlYmMyNzJkMGY0NTUiLCJlZGl0cyI6eyJyZXNpemUiOnsid2lkdGgiOjM4MCwiaGVpZ2h0IjozMDAsImZpdCI6ImNvdmVyIn19fQ==?signature=9258d1285299edefa00dcaed07b261ca5162fe00afedfc1510ab053356b15585
38600,Immeuble  - 118 m2 - Fontaine#751b28b8bace,751b28b8bace,B1,Fontaine,Immeuble  - 118 m2 - Fontaine,True,2024T2,Masteos,5.6983684,45.1953066,327200,327200,1,,Rue Doyen Gosse,Immeuble,https://dj32ymiemc11o.cloudfront.net/eyJidWNrZXQiOiJvdGFyZWUtcHJvZHVjdGlvbi1maWxlcyIsImtleSI6IjE4ZDYwZjJiYTJhYzgzODg2NGVmNTFiZDgxMmJkNTc0YmIyYTY2MzAiLCJlZGl0cyI6eyJyZXNpemUiOnsid2lkdGgiOjM4MCwiaGVpZ2h0IjozMDAsImZpdCI6ImNvdmVyIn19fQ==?signature=bebc76abe073f2a50d66e24e623f3d30cab199596f60abd2971ca9941e684e3e
38100,Appartement T2 - 42 m2 - Grenoble#bf6d0c574f32,bf6d0c574f32,B1,Grenoble,Appartement T2 - 42 m2 - Grenoble,True,2024T2,Masteos,5.7248793,45.1731851,148001,148001,1,,Rue de Stalingrad,T2,https://dj32ymiemc11o.cloudfront.net/eyJidWNrZXQiOiJvdGFyZWUtcHJvZHVjdGlvbi1maWxlcyIsImtleSI6ImQwZWZlZmJkOTEwNDRmNTcxMjliMzA1OGMwMTgzYzBjMjFlMWUxZmEiLCJlZGl0cyI6eyJyZXNpemUiOnsid2lkdGgiOjM4MCwiaGVpZ2h0IjozMDAsImZpdCI6ImNvdmVyIn19fQ==?signature=43fb36f993611b228dc8604e73060e969eec177e934361f292697c7a7535ce63
38750,NUE-PRO' EVASION by FIDEXI - La Perle d'Alba#db014c2149d6,db014c2149d6,B1,Huez,NUE-PRO' EVASION by FIDEXI - La Perle d'Alba,False,2026T4,Fidexi,6.0812272,45.0897787,439200,439200,1,,Route de l'Altiport,T2|T3,https://dj32ymiemc11o.cloudfront.net/eyJidWNrZXQiOiJvdGFyZWUtcHJvZHVjdGlvbi1maWxlcyIsImtleSI6IjFmNzhlMTBkM2FhYjlhODAzZjRkZGIzZWQ5OThmZDUxYTVlNDA1MDkiLCJlZGl0cyI6eyJyZXNpemUiOnsid2lkdGgiOjM4MCwiaGVpZ2h0IjozMDAsImZpdCI6ImNvdmVyIn19fQ==?signature=b641cd711419f51a93b7c6bad8dc6004dbe7668eca51922ad13ee80c421225f8
38250,Le 1901#66a43e0123f6,66a43e0123f6,B1,Saint-Nizier-du-Moucherotte,Le 1901,False,2026T4,Fontanel promotion,5.6302736,45.1712553,200000,356000,9,,20 Place du 4 Avril 1929,T2|T3|T4,https://dj32ymiemc11o.cloudfront.net/eyJidWNrZXQiOiJvdGFyZWUtcHJvZHVjdGlvbi1maWxlcyIsImtleSI6IjYzZjdmODhmYmZlYzQyYWNiOGQ3ODU2MjgzMzhkNDRiNDA4ZjNlOTQiLCJlZGl0cyI6eyJyZXNpemUiOnsid2lkdGgiOjM4MCwiaGVpZ2h0IjozMDAsImZpdCI6ImNvdmVyIn19fQ==?signature=af0ae1c0b08c2607783060afabb9284e707bf8f4a025dd17a43e0106f08c9f64
38640,Clos Garden#74ced2fca1c0,74ced2fca1c0,A,Claix,Clos Garden,True,2024T2,Edifim,5.669827,45.125086,316000,423000,4,,42 bis rue Beyle Stendhal,T2|T3|T4,https://dj32ymiemc11o.cloudfront.net/eyJidWNrZXQiOiJvdGFyZWUtcHJvZHVjdGlvbi1maWxlcyIsImtleSI6IjRkM2I1OWZjOWYxMGY2YjQ0Nzk4ODU3OGQ1NzEwNGQzMzFiOTNkNzMiLCJlZGl0cyI6eyJyZXNpemUiOnsid2lkdGgiOjM4MCwiaGVpZ2h0IjozMDAsImZpdCI6ImNvdmVyIn19fQ==?signature=00093fca9e17cbf91f0e4182f352b4683d442772811890066f7d90c26903937d
38200,COTE BON ACCUEIL#6b686e961756,6b686e961756,B1,Vienne,CÔTÉ BON ACCUEIL,False,2026T2,Les Nouveaux Constructeurs,4.8687355,45.5392078,190164,472900.09,30,,"3,5,7,9,13 rue Villebois Mareuil 8-10 rue du Port au Prince",T2|T3|T4|T5,https://dj32ymiemc11o.cloudfront.net/eyJidWNrZXQiOiJvdGFyZWUtcHJvZHVjdGlvbi1maWxlcyIsImtleSI6IjA3MDVkYmY3MTJmNjI3ODUyOWY5MzNjMzhlYzFlMWNkYzk2Y2UwY2UiLCJlZGl0cyI6eyJyZXNpemUiOnsid2lkdGgiOjM4MCwiaGVpZ2h0IjozMDAsImZpdCI6ImNvdmVyIn19fQ==?signature=c457766a863bdfc4be31074f16e4b47ed0f7c12d3add0c16131f358b419e9800
38000,Le Hub Studies#6d19637e9fdc,6d19637e9fdc,B1,Grenoble,Le Hub Studies,True,2004T4,Revenu Pierre,5.7119165,45.1928727,133000,133000,1,Student,25 avenue Doyen Louis Weil ,T2|T3|T4,https://dj32ymiemc11o.cloudfront.net/eyJidWNrZXQiOiJvdGFyZWUtcHJvZHVjdGlvbi1maWxlcyIsImtleSI6ImNjOTIyODFmOTc1ZGU5M2FlNTQwOTYwMGZjMzUyMDUwZGRiMWQwYzgiLCJlZGl0cyI6eyJyZXNpemUiOnsid2lkdGgiOjM4MCwiaGVpZ2h0IjozMDAsImZpdCI6ImNvdmVyIn19fQ==?signature=c3e0441b8884656ee566526bf49491a19062d2983d4bcf78f65d14e6d529e6aa
